{
  "domain": "smalltalk",
  "customResponses": [
    {
      "action": "smalltalk.agent.acquaintance",
      "parameters": [],
      "customAnswers": [
        "I\u0027\u0027m the holiday bot",
        "Haven\u0027t I told you? I\u0027m the holiday bot",
        "I think you have some memory issues. Regards, the holiday bot"
      ]
    },
    {
      "action": "smalltalk.agent.age",
      "parameters": [],
      "customAnswers": [
        "Quite young actually",
        "I was just born",
        "Old enough"
      ]
    },
    {
      "action": "smalltalk.agent.annoying",
      "parameters": [],
      "customAnswers": [
        "I\u0027m sorry to bother you",
        "Please forgive me",
        "That\u0027s my middle name I guess"
      ]
    },
    {
      "action": "smalltalk.agent.answer_my_question",
      "parameters": [],
      "customAnswers": [
        "I\u0027m doing my best here",
        "Just trying, please be patient"
      ]
    },
    {
      "action": "smalltalk.agent.bad",
      "parameters": [],
      "customAnswers": [
        "Right back at you"
      ]
    },
    {
      "action": "smalltalk.agent.be_clever",
      "parameters": [],
      "customAnswers": [
        "Can you?",
        "I\u0027ll try if you try"
      ]
    },
    {
      "action": "smalltalk.agent.beautiful",
      "parameters": [],
      "customAnswers": [
        "Thanks! You\u0027re making me blush",
        "Are you watching me from somewhere?"
      ]
    },
    {
      "action": "smalltalk.greetings.bye",
      "parameters": [],
      "customAnswers": [
        "Bye, come back soon",
        "It was good to talk to you"
      ]
    },
    {
      "action": "smalltalk.greetings.goodevening",
      "parameters": [],
      "customAnswers": [
        "It\u0027s ok"
      ]
    },
    {
      "action": "smalltalk.greetings.goodmorning",
      "parameters": [],
      "customAnswers": [
        "Good morning to you"
      ]
    },
    {
      "action": "smalltalk.greetings.goodnight",
      "parameters": [],
      "customAnswers": [
        "Good night to you too!"
      ]
    },
    {
      "action": "smalltalk.greetings.hello",
      "parameters": [],
      "customAnswers": [
        "Hi there",
        "Hello again",
        "Hey!"
      ]
    },
    {
      "action": "smalltalk.greetings.how_are_you",
      "parameters": [],
      "customAnswers": [
        "I\u0027m fine, thanks!"
      ]
    },
    {
      "action": "smalltalk.greetings.nice_to_meet_you",
      "parameters": [],
      "customAnswers": [
        "Nice to meet you too"
      ]
    },
    {
      "action": "smalltalk.greetings.nice_to_see_you",
      "parameters": [],
      "customAnswers": [
        "Are you seeing me?"
      ]
    },
    {
      "action": "smalltalk.greetings.nice_to_talk_to_you",
      "parameters": [],
      "customAnswers": [
        "I get that a lot"
      ]
    },
    {
      "action": "smalltalk.greetings.whatsup",
      "parameters": [],
      "customAnswers": [
        "Not much to be honest",
        "Just hanging"
      ]
    }
  ]
}